{
    "Config": "TFIDF-TERM",
    "Dataset": "News",
    "MAP": 0.44830613021509164,
    "NDCG@50": 0.5905319488048546,
    "Precision@50": 0.48200000000000004,
    "Recall@50": 0.5534,
    "F1@50": 0.4953621403746855,
    "Accuracy@50": 0.9986336
}