{
    "Config": "WORDCOUNT-TERM",
    "Dataset": "News",
    "MAP": 0.42936449662283566,
    "NDCG@50": 0.5691828042353597,
    "Precision@50": 0.45980000000000004,
    "Recall@50": 0.5312,
    "F1@50": 0.47316214037468557,
    "Accuracy@50": 0.9985447999999999
}