{
    "Config": "WORDCOUNT-DOC",
    "Dataset": "News",
    "MAP": 0.4337462431694117,
    "NDCG@50": 0.5749469061654287,
    "Precision@50": 0.4660000000000001,
    "Recall@50": 0.5374,
    "F1@50": 0.47936214037468544,
    "Accuracy@50": 0.9985696000000001
}