{
    "Config": "TFIDF-DOC-OPTIMISED",
    "Dataset": "News",
    "MAP": 0.44750660423053196,
    "NDCG@50": 0.5898350603406367,
    "Precision@50": 0.4808,
    "Recall@50": 0.5522,
    "F1@50": 0.4941621403746855,
    "Accuracy@50": 0.9986287999999999
}